Image Name,SSIM (Original vs Enhanced),Detected Objects
156859092964.jpg,0.9401244095858734,26
156859512459.jpg,0.9403496263698312,30
156859956420.jpg,0.9387998359394205,25
156860373671.jpg,0.936352222493718,25
156860795680.jpg,0.9377041986572168,29
156861245135.jpg,0.9349384996949227,28
156861694377.jpg,0.9327432907338603,33
156862114855.jpg,0.9311147403884311,37
156862567343.jpg,0.9324675544751087,41
156863007074.jpg,0.9378694550691278,39
