Image Name,SSIM (Original vs Enhanced),Detected Objects
156859092964.jpg,0.9175129756545874,22
156859512459.jpg,0.9179682869453187,26
156859956420.jpg,0.9163918247872257,21
156860373671.jpg,0.9144637024867214,12
156860795680.jpg,0.9163162703638409,21
156861245135.jpg,0.9157622670623438,29
156861694377.jpg,0.9140727080404855,29
156862114855.jpg,0.9143001343876139,30
156862567343.jpg,0.9143530825053977,29
156863007074.jpg,0.9206959410803257,17
